{"cameraMode":{"drawMode":0,"name":"Shaded","section":"Shading Mode"},"sceneLighting":true,"audioPlay":false,"sceneViewState":{"showFog":true,"showMaterialUpdate":false,"showSkybox":true,"showFlares":true,"showImageEffects":true,"showParticleSystems":true},"in2DMode":false,"pivot":{"x":-5.707990646362305,"y":7.941322326660156,"z":-13.802897453308106},"rotation":{"x":0.02183920331299305,"y":0.975568950176239,"z":0.11435899883508682,"w":-0.18630541861057282},"size":13.927236557006836,"orthographic":false}